,Feature,Importance
0,IsActiveMember,0.2149528241594744
1,HasCrCard,0.01250788789700527
2,NumOfProducts,-0.05429355381462733
